{
  "dev": {
    "queries": 8,
    "r1": 0.8541666666666666,
    "r5": 0.9375,
    "r10": 0.9375,
    "ndcg10": 0.9516433990956823,
    "perType": {
      "code": {
        "queries": 6,
        "r1": 0.9166666666666666,
        "r5": 0.9166666666666666,
        "r10": 0.9166666666666666,
        "ndcg10": 0.9355245321275764
      },
      "lesson": {
        "queries": 2,
        "r1": 0.6666666666666666,
        "r5": 1,
        "r10": 1,
        "ndcg10": 1
      }
    }
  },
  "heldOut": {
    "queries": 4,
    "r1": 0.75,
    "r5": 1,
    "r10": 1,
    "ndcg10": 0.9077324383928644,
    "perType": {
      "code": {
        "queries": 3,
        "r1": 1,
        "r5": 1,
        "r10": 1,
        "ndcg10": 1
      },
      "lesson": {
        "queries": 1,
        "r1": 0,
        "r5": 1,
        "r10": 1,
        "ndcg10": 0.6309297535714575
      }
    }
  },
  "all": {
    "queries": 12,
    "r1": 0.8194444444444445,
    "r5": 0.9583333333333334,
    "r10": 0.9583333333333334,
    "ndcg10": 0.937006412194743,
    "perType": {
      "code": {
        "queries": 9,
        "r1": 0.9444444444444444,
        "r5": 0.9444444444444444,
        "r10": 0.9444444444444444,
        "ndcg10": 0.9570163547517176
      },
      "lesson": {
        "queries": 3,
        "r1": 0.4444444444444444,
        "r5": 1,
        "r10": 1,
        "ndcg10": 0.8769765845238192
      }
    }
  }
}
